astro	alice|dk!nj/astro/alice
astro	arend|dk!nj/astro/arend
astro	aten|tcp!aten.research.att.com!401
astro	boojum|dk!nj/astro/boojum
astro	bowell|dk!nj/astro/bowell
astro	coma|dk!nj/astro/coma
astro	giacobini|dk!nj/astro/giacobini
astro	inet|dk!nj/astro/inet
astro	kodaly|dk!nj/astro/kodaly
astro	nun|tcp!nun.research.att.com!401
astro	pyxis|tcp!pyxis.research.att.com!401
astro	r70|dk!nj/astro/r70
astro	ra|tcp!ra.research.att.com!401
astro	research|dk!nj/astro/research
astro	seki|dk!nj/astro/seki
astro	shamash|tcp!shamash.research.att.com!401
astro	sol|sol.research.att.com!401
astro	tempel|tcp!tempel.research.att.com!401
astro	tuttle|tcp!tuttle.research.att.com!401
astro	utu|tcp!utu.research.att.com!401
astro	westphal|dk!nj/astro/westphal
astro	wild|dk!nj/astro/wild
mercury	balin|dk!nj/mercury/balin
mercury	bashful|dk!nj/mercury/bashful
mercury	bifur|dk!nj/mercury/bifur
mercury	bofer|dk!nj/mercury/bofer
mercury	doc|dk!nj/mercury/doc
mercury	dopey|dk!nj/mercury/dopey
mercury	dori|dk!nj/mercury/dori
mercury	dwalin|dk!nj/mercury/dwalin
mercury	gimli|dk!nj/mercury/gimli
mercury	gloin|dk!nj/mercury/gloin
mercury	grumpy|dk!nj/mercury/grumpy
mercury	happy|dk!nj/mercury/happy
mercury	hunny|dk!nj/mercury/hunny
mercury	icarus|dk!nj/mercury/icarus
mercury	jones|dk!nj/mercury/jones
mercury	siriusb|dk!nj/mercury/siriusb
mercury	sleepy|dk!nj/mercury/sleepy
mercury	sweet|dk!nj/mercury/sweet
mercury	tattoo|dk!nj/mercury/tattoo
mercury	thorin|dk!nj/mercury/thorin
phone	atomic|dk!nj/phone/atomic
phone	fry|dk!nj/phone/fry
phone	gauss|dk!nj/phone/gauss
phone	rice|tcp!rice.research.att.com!401
phone	shannon|dk!nj/phone/shannon
phone	shewhart|tcp!shewhart.research.att.com!401
phone	sid|dk!nj/phone/sid
phone	slepian|tcp!slepian.research.att.com!401
phone	stibitz|tcp!stibitz.research.att.com!401
phone	tobago|tcp!tobago.research.att.com!401
phone	tukey|tcp!tukey.research.att.com!401
etc	dolphy|dk!nj/sfa/dolphy
etc	fs|dk!att/ca/xunet/fs
etc	most|dk!pa/ram/most
etc	trevor|dk!nj/zither/trevor
